:Item Number,QOH,Order Point,PriceA,PriceB,PriceC,PriceD,PriceE,PriceF,PriceWD,CorePrice,Unit Measure,Description
R2TS,3,7,1.44,1.66,1.91,2.2,2.53,2.91,1.08,0.00,Each,Spark Plug
R3TS,12,18,1.44,1.66,1.91,2.2,2.53,2.91,1.08,0.00,Each,Spark Plug
R4TS,12,17,1.44,1.66,1.91,2.2,2.53,2.91,1.08,0.00,Each,Spark Plug
R5TS,5,10,1.44,1.66,1.91,2.2,2.53,2.91,1.08,0.00,Each,Spark Plug
R6TS,7,10,1.44,1.66,1.91,2.2,2.53,2.91,1.08,0.00,Each,Spark Plug
R7TS,6,15,1.44,1.66,1.91,2.2,2.53,2.91,1.08,0.00,Each,Spark Plug
R8TS,11,20,1.44,1.66,1.91,2.2,2.53,2.91,1.08,0.00,Each,Spark Plug
R9TS,12,14,1.44,1.66,1.91,2.2,2.53,2.91,1.08,0.00,Each,Spark Plug
R10TS,11,21,1.44,1.66,1.91,2.2,2.53,2.91,1.08,0.00,Each,Spark Plug
R11TS,12,13,1.44,1.66,1.91,2.2,2.53,2.91,1.08,0.00,Each,Spark Plug
R12TS,12,14,1.44,1.66,1.91,2.2,2.53,2.91,1.08,0.00,Each,Spark Plug
R13TS,2,10,1.44,1.66,1.91,2.2,2.53,2.91,1.08,0.00,Each,Spark Plug
R14TS,5,7,1.44,1.66,1.91,2.2,2.53,2.91,1.08,0.00,Each,Spark Plug
R15TS,7,8,1.44,1.66,1.91,2.2,2.53,2.91,1.08,0.00,Each,Spark Plug
R16TS,11,15,1.44,1.66,1.91,2.2,2.53,2.91,1.08,0.00,Each,Spark Plug
R17TS,10,17,1.44,1.66,1.91,2.2,2.53,2.91,1.08,0.00,Each,Spark Plug
R18TS,11,12,1.44,1.66,1.91,2.2,2.53,2.91,1.08,0.00,Each,Spark Plug
R19TS,6,12,1.44,1.66,1.91,2.2,2.53,2.91,1.08,0.00,Each,Spark Plug
R20TS,7,10,1.44,1.66,1.91,2.2,2.53,2.91,1.08,0.00,Each,Spark Plug
R21TS,3,14,1.44,1.66,1.91,2.2,2.53,2.91,1.08,0.00,Each,Spark Plug
R22TS,4,12,1.44,1.66,1.91,2.2,2.53,2.91,1.08,0.00,Each,Spark Plug
R23TS,6,7,1.44,1.66,1.91,2.2,2.53,2.91,1.08,0.00,Each,Spark Plug
R24TS,4,5,1.44,1.66,1.91,2.2,2.53,2.91,1.08,0.00,Each,Spark Plug
R25TS,11,13,1.44,1.66,1.91,2.2,2.53,2.91,1.08,0.00,Each,Spark Plug
R26TS,5,12,1.44,1.66,1.91,2.2,2.53,2.91,1.08,0.00,Each,Spark Plug
R27TS,7,11,1.44,1.66,1.91,2.2,2.53,2.91,1.08,0.00,Each,Spark Plug
R28TS,11,14,1.44,1.66,1.91,2.2,2.53,2.91,1.08,0.00,Each,Spark Plug
R29TS,4,15,1.44,1.66,1.91,2.2,2.53,2.91,1.08,0.00,Each,Spark Plug
R30TS,2,12,1.44,1.66,1.91,2.2,2.53,2.91,1.08,0.00,Each,Spark Plug
R31TS,12,12,1.44,1.66,1.91,2.2,2.53,2.91,1.08,0.00,Each,Spark Plug
R32TS,8,14,1.44,1.66,1.91,2.2,2.53,2.91,1.08,0.00,Each,Spark Plug
R33TS,9,10,1.44,1.66,1.91,2.2,2.53,2.91,1.08,0.00,Each,Spark Plug
R34TS,8,11,1.44,1.66,1.91,2.2,2.53,2.91,1.08,0.00,Each,Spark Plug
R35TS,1,9,1.44,1.66,1.91,2.2,2.53,2.91,1.08,0.00,Each,Spark Plug
R36TS,6,11,1.44,1.66,1.91,2.2,2.53,2.91,1.08,0.00,Each,Spark Plug
R37TS,9,19,1.44,1.66,1.91,2.2,2.53,2.91,1.08,0.00,Each,Spark Plug
R38TS,2,13,1.44,1.66,1.91,2.2,2.53,2.91,1.08,0.00,Each,Spark Plug
R39TS,10,16,1.44,1.66,1.91,2.2,2.53,2.91,1.08,0.00,Each,Spark Plug
R40TS,10,12,1.44,1.66,1.91,2.2,2.53,2.91,1.08,0.00,Each,Spark Plug
R41TS,7,15,1.44,1.66,1.91,2.2,2.53,2.91,1.08,0.00,Each,Spark Plug
R42TS,6,16,1.44,1.66,1.91,2.2,2.53,2.91,1.08,0.00,Each,Spark Plug
R43TS,7,15,1.44,1.66,1.91,2.2,2.53,2.91,1.08,0.00,Each,Spark Plug
R44TS,12,18,1.44,1.66,1.91,2.2,2.53,2.91,1.08,0.00,Each,Spark Plug
R45TS,9,14,1.44,1.66,1.91,2.2,2.53,2.91,1.08,0.00,Each,Spark Plug
R46TS,2,10,1.44,1.66,1.91,2.2,2.53,2.91,1.08,0.00,Each,Spark Plug
R47TS,11,17,1.44,1.66,1.91,2.2,2.53,2.91,1.08,0.00,Each,Spark Plug
R48TS,11,21,1.44,1.66,1.91,2.2,2.53,2.91,1.08,0.00,Each,Spark Plug
R49TS,7,15,1.44,1.66,1.91,2.2,2.53,2.91,1.08,0.00,Each,Spark Plug
R50TS,9,18,1.44,1.66,1.91,2.2,2.53,2.91,1.08,0.00,Each,Spark Plug
R51TS,3,7,1.44,1.66,1.91,2.2,2.53,2.91,1.08,0.00,Each,Spark Plug
R52TS,3,8,1.44,1.66,1.91,2.2,2.53,2.91,1.08,0.00,Each,Spark Plug
R53TS,11,16,1.44,1.66,1.91,2.2,2.53,2.91,1.08,0.00,Each,Spark Plug
R54TS,3,12,1.44,1.66,1.91,2.2,2.53,2.91,1.08,0.00,Each,Spark Plug
R55TS,10,14,1.44,1.66,1.91,2.2,2.53,2.91,1.08,0.00,Each,Spark Plug
R56TS,2,11,1.44,1.66,1.91,2.2,2.53,2.91,1.08,0.00,Each,Spark Plug
R57TS,9,11,1.44,1.66,1.91,2.2,2.53,2.91,1.08,0.00,Each,Spark Plug
R58TS,6,13,1.44,1.66,1.91,2.2,2.53,2.91,1.08,0.00,Each,Spark Plug
R59TS,4,5,1.44,1.66,1.91,2.2,2.53,2.91,1.08,0.00,Each,Spark Plug
R60TS,9,15,1.44,1.66,1.91,2.2,2.53,2.91,1.08,0.00,Each,Spark Plug
R61TS,8,15,1.44,1.66,1.91,2.2,2.53,2.91,1.08,0.00,Each,Spark Plug
R62TS,4,11,1.44,1.66,1.91,2.2,2.53,2.91,1.08,0.00,Each,Spark Plug
R63TS,11,21,1.44,1.66,1.91,2.2,2.53,2.91,1.08,0.00,Each,Spark Plug
R64TS,2,10,1.44,1.66,1.91,2.2,2.53,2.91,1.08,0.00,Each,Spark Plug
R65TS,5,12,1.44,1.66,1.91,2.2,2.53,2.91,1.08,0.00,Each,Spark Plug
R66TS,5,10,1.44,1.66,1.91,2.2,2.53,2.91,1.08,0.00,Each,Spark Plug
R67TS,3,11,1.44,1.66,1.91,2.2,2.53,2.91,1.08,0.00,Each,Spark Plug
R68TS,1,8,1.44,1.66,1.91,2.2,2.53,2.91,1.08,0.00,Each,Spark Plug
R69TS,5,12,1.44,1.66,1.91,2.2,2.53,2.91,1.08,0.00,Each,Spark Plug
R70TS,11,16,1.44,1.66,1.91,2.2,2.53,2.91,1.08,0.00,Each,Spark Plug
R71TS,4,11,1.44,1.66,1.91,2.2,2.53,2.91,1.08,0.00,Each,Spark Plug
R72TS,8,12,1.44,1.66,1.91,2.2,2.53,2.91,1.08,0.00,Each,Spark Plug
R73TS,6,15,1.44,1.66,1.91,2.2,2.53,2.91,1.08,0.00,Each,Spark Plug
R74TS,2,13,1.44,1.66,1.91,2.2,2.53,2.91,1.08,0.00,Each,Spark Plug
R75TS,2,4,1.44,1.66,1.91,2.2,2.53,2.91,1.08,0.00,Each,Spark Plug
R76TS,3,4,1.44,1.66,1.91,2.2,2.53,2.91,1.08,0.00,Each,Spark Plug
R77TS,9,20,1.44,1.66,1.91,2.2,2.53,2.91,1.08,0.00,Each,Spark Plug
R78TS,5,14,1.44,1.66,1.91,2.2,2.53,2.91,1.08,0.00,Each,Spark Plug
R79TS,4,4,1.44,1.66,1.91,2.2,2.53,2.91,1.08,0.00,Each,Spark Plug
R80TS,10,13,1.44,1.66,1.91,2.2,2.53,2.91,1.08,0.00,Each,Spark Plug
R81TS,11,17,1.44,1.66,1.91,2.2,2.53,2.91,1.08,0.00,Each,Spark Plug
R82TS,7,15,1.44,1.66,1.91,2.2,2.53,2.91,1.08,0.00,Each,Spark Plug
R83TS,3,9,1.44,1.66,1.91,2.2,2.53,2.91,1.08,0.00,Each,Spark Plug
R84TS,11,13,1.44,1.66,1.91,2.2,2.53,2.91,1.08,0.00,Each,Spark Plug
R85TS,4,9,1.44,1.66,1.91,2.2,2.53,2.91,1.08,0.00,Each,Spark Plug
R86TS,1,7,1.44,1.66,1.91,2.2,2.53,2.91,1.08,0.00,Each,Spark Plug
R87TS,3,7,1.44,1.66,1.91,2.2,2.53,2.91,1.08,0.00,Each,Spark Plug
R88TS,7,14,1.44,1.66,1.91,2.2,2.53,2.91,1.08,0.00,Each,Spark Plug
R89TS,6,13,1.44,1.66,1.91,2.2,2.53,2.91,1.08,0.00,Each,Spark Plug
R90TS,4,6,1.44,1.66,1.91,2.2,2.53,2.91,1.08,0.00,Each,Spark Plug
R91TS,3,8,1.44,1.66,1.91,2.2,2.53,2.91,1.08,0.00,Each,Spark Plug
R92TS,4,14,1.44,1.66,1.91,2.2,2.53,2.91,1.08,0.00,Each,Spark Plug
R93TS,9,13,1.44,1.66,1.91,2.2,2.53,2.91,1.08,0.00,Each,Spark Plug
R94TS,10,15,1.44,1.66,1.91,2.2,2.53,2.91,1.08,0.00,Each,Spark Plug
R95TS,10,16,1.44,1.66,1.91,2.2,2.53,2.91,1.08,0.00,Each,Spark Plug
R96TS,11,15,1.44,1.66,1.91,2.2,2.53,2.91,1.08,0.00,Each,Spark Plug
R97TS,10,14,1.44,1.66,1.91,2.2,2.53,2.91,1.08,0.00,Each,Spark Plug
R98TS,6,11,1.44,1.66,1.91,2.2,2.53,2.91,1.08,0.00,Each,Spark Plug
R99TS,8,16,1.44,1.66,1.91,2.2,2.53,2.91,1.08,0.00,Each,Spark Plug
R100TS,11,14,1.44,1.66,1.91,2.2,2.53,2.91,1.08,0.00,Each,Spark Plug
R101TS,2,12,1.44,1.66,1.91,2.2,2.53,2.91,1.08,0.00,Each,Spark Plug
R102TS,7,9,1.44,1.66,1.91,2.2,2.53,2.91,1.08,0.00,Each,Spark Plug
R103TS,5,16,1.44,1.66,1.91,2.2,2.53,2.91,1.08,0.00,Each,Spark Plug
R104TS,11,18,1.44,1.66,1.91,2.2,2.53,2.91,1.08,0.00,Each,Spark Plug
R105TS,9,19,1.44,1.66,1.91,2.2,2.53,2.91,1.08,0.00,Each,Spark Plug
R106TS,11,21,1.44,1.66,1.91,2.2,2.53,2.91,1.08,0.00,Each,Spark Plug
R107TS,9,15,1.44,1.66,1.91,2.2,2.53,2.91,1.08,0.00,Each,Spark Plug
R108TS,8,12,1.44,1.66,1.91,2.2,2.53,2.91,1.08,0.00,Each,Spark Plug
R109TS,2,3,1.44,1.66,1.91,2.2,2.53,2.91,1.08,0.00,Each,Spark Plug
R110TS,6,6,1.44,1.66,1.91,2.2,2.53,2.91,1.08,0.00,Each,Spark Plug
R111TS,11,15,1.44,1.66,1.91,2.2,2.53,2.91,1.08,0.00,Each,Spark Plug
R112TS,4,15,1.44,1.66,1.91,2.2,2.53,2.91,1.08,0.00,Each,Spark Plug
R113TS,3,12,1.44,1.66,1.91,2.2,2.53,2.91,1.08,0.00,Each,Spark Plug
R114TS,5,13,1.44,1.66,1.91,2.2,2.53,2.91,1.08,0.00,Each,Spark Plug
R115TS,11,17,1.44,1.66,1.91,2.2,2.53,2.91,1.08,0.00,Each,Spark Plug
R116TS,11,11,1.44,1.66,1.91,2.2,2.53,2.91,1.08,0.00,Each,Spark Plug
R117TS,11,15,1.44,1.66,1.91,2.2,2.53,2.91,1.08,0.00,Each,Spark Plug
R118TS,2,12,1.44,1.66,1.91,2.2,2.53,2.91,1.08,0.00,Each,Spark Plug
R119TS,9,15,1.44,1.66,1.91,2.2,2.53,2.91,1.08,0.00,Each,Spark Plug
R120TS,10,19,1.44,1.66,1.91,2.2,2.53,2.91,1.08,0.00,Each,Spark Plug
R121TS,11,19,1.44,1.66,1.91,2.2,2.53,2.91,1.08,0.00,Each,Spark Plug
R122TS,2,9,1.44,1.66,1.91,2.2,2.53,2.91,1.08,0.00,Each,Spark Plug
R123TS,3,6,1.44,1.66,1.91,2.2,2.53,2.91,1.08,0.00,Each,Spark Plug
R124TS,5,6,1.44,1.66,1.91,2.2,2.53,2.91,1.08,0.00,Each,Spark Plug
R125TS,12,16,1.44,1.66,1.91,2.2,2.53,2.91,1.08,0.00,Each,Spark Plug
R126TS,4,9,1.44,1.66,1.91,2.2,2.53,2.91,1.08,0.00,Each,Spark Plug
R127TS,10,18,1.44,1.66,1.91,2.2,2.53,2.91,1.08,0.00,Each,Spark Plug
R128TS,3,10,1.44,1.66,1.91,2.2,2.53,2.91,1.08,0.00,Each,Spark Plug
R129TS,7,17,1.44,1.66,1.91,2.2,2.53,2.91,1.08,0.00,Each,Spark Plug
R130TS,2,3,1.44,1.66,1.91,2.2,2.53,2.91,1.08,0.00,Each,Spark Plug
R131TS,1,6,1.44,1.66,1.91,2.2,2.53,2.91,1.08,0.00,Each,Spark Plug
R132TS,6,16,1.44,1.66,1.91,2.2,2.53,2.91,1.08,0.00,Each,Spark Plug
R133TS,10,13,1.44,1.66,1.91,2.2,2.53,2.91,1.08,0.00,Each,Spark Plug
R134TS,2,9,1.44,1.66,1.91,2.2,2.53,2.91,1.08,0.00,Each,Spark Plug
R135TS,8,13,1.44,1.66,1.91,2.2,2.53,2.91,1.08,0.00,Each,Spark Plug
R136TS,8,9,1.44,1.66,1.91,2.2,2.53,2.91,1.08,0.00,Each,Spark Plug
R137TS,6,11,1.44,1.66,1.91,2.2,2.53,2.91,1.08,0.00,Each,Spark Plug
R138TS,6,13,1.44,1.66,1.91,2.2,2.53,2.91,1.08,0.00,Each,Spark Plug
R139TS,11,22,1.44,1.66,1.91,2.2,2.53,2.91,1.08,0.00,Each,Spark Plug
R140TS,10,18,1.44,1.66,1.91,2.2,2.53,2.91,1.08,0.00,Each,Spark Plug
R141TS,12,21,1.44,1.66,1.91,2.2,2.53,2.91,1.08,0.00,Each,Spark Plug
R142TS,10,20,1.44,1.66,1.91,2.2,2.53,2.91,1.08,0.00,Each,Spark Plug
R143TS,4,14,1.44,1.66,1.91,2.2,2.53,2.91,1.08,0.00,Each,Spark Plug
R144TS,7,12,1.44,1.66,1.91,2.2,2.53,2.91,1.08,0.00,Each,Spark Plug
R145TS,2,6,1.44,1.66,1.91,2.2,2.53,2.91,1.08,0.00,Each,Spark Plug
R146TS,6,12,1.44,1.66,1.91,2.2,2.53,2.91,1.08,0.00,Each,Spark Plug
R147TS,8,19,1.44,1.66,1.91,2.2,2.53,2.91,1.08,0.00,Each,Spark Plug
R148TS,12,19,1.44,1.66,1.91,2.2,2.53,2.91,1.08,0.00,Each,Spark Plug
R149TS,10,20,1.44,1.66,1.91,2.2,2.53,2.91,1.08,0.00,Each,Spark Plug
R150TS,11,16,1.44,1.66,1.91,2.2,2.53,2.91,1.08,0.00,Each,Spark Plug
R151TS,4,10,1.44,1.66,1.91,2.2,2.53,2.91,1.08,0.00,Each,Spark Plug
R152TS,3,10,1.44,1.66,1.91,2.2,2.53,2.91,1.08,0.00,Each,Spark Plug
R153TS,3,10,1.44,1.66,1.91,2.2,2.53,2.91,1.08,0.00,Each,Spark Plug
R154TS,9,17,1.44,1.66,1.91,2.2,2.53,2.91,1.08,0.00,Each,Spark Plug
R155TS,10,14,1.44,1.66,1.91,2.2,2.53,2.91,1.08,0.00,Each,Spark Plug
R156TS,10,17,1.44,1.66,1.91,2.2,2.53,2.91,1.08,0.00,Each,Spark Plug
R157TS,4,10,1.44,1.66,1.91,2.2,2.53,2.91,1.08,0.00,Each,Spark Plug
R158TS,8,16,1.44,1.66,1.91,2.2,2.53,2.91,1.08,0.00,Each,Spark Plug
R159TS,7,12,1.44,1.66,1.91,2.2,2.53,2.91,1.08,0.00,Each,Spark Plug
R160TS,3,10,1.44,1.66,1.91,2.2,2.53,2.91,1.08,0.00,Each,Spark Plug
R161TS,9,12,1.44,1.66,1.91,2.2,2.53,2.91,1.08,0.00,Each,Spark Plug
R162TS,10,18,1.44,1.66,1.91,2.2,2.53,2.91,1.08,0.00,Each,Spark Plug
R163TS,9,17,1.44,1.66,1.91,2.2,2.53,2.91,1.08,0.00,Each,Spark Plug
R164TS,6,8,1.44,1.66,1.91,2.2,2.53,2.91,1.08,0.00,Each,Spark Plug
R165TS,8,8,1.44,1.66,1.91,2.2,2.53,2.91,1.08,0.00,Each,Spark Plug
R166TS,9,12,1.44,1.66,1.91,2.2,2.53,2.91,1.08,0.00,Each,Spark Plug
R167TS,5,6,1.44,1.66,1.91,2.2,2.53,2.91,1.08,0.00,Each,Spark Plug
R168TS,10,13,1.44,1.66,1.91,2.2,2.53,2.91,1.08,0.00,Each,Spark Plug
R169TS,7,16,1.44,1.66,1.91,2.2,2.53,2.91,1.08,0.00,Each,Spark Plug
R170TS,6,10,1.44,1.66,1.91,2.2,2.53,2.91,1.08,0.00,Each,Spark Plug
R171TS,5,9,1.44,1.66,1.91,2.2,2.53,2.91,1.08,0.00,Each,Spark Plug
R172TS,5,6,1.44,1.66,1.91,2.2,2.53,2.91,1.08,0.00,Each,Spark Plug
R173TS,6,11,1.44,1.66,1.91,2.2,2.53,2.91,1.08,0.00,Each,Spark Plug
R174TS,8,10,1.44,1.66,1.91,2.2,2.53,2.91,1.08,0.00,Each,Spark Plug
R175TS,9,19,1.44,1.66,1.91,2.2,2.53,2.91,1.08,0.00,Each,Spark Plug
R176TS,3,9,1.44,1.66,1.91,2.2,2.53,2.91,1.08,0.00,Each,Spark Plug
R177TS,4,12,1.44,1.66,1.91,2.2,2.53,2.91,1.08,0.00,Each,Spark Plug
R178TS,4,12,1.44,1.66,1.91,2.2,2.53,2.91,1.08,0.00,Each,Spark Plug
R179TS,10,14,1.44,1.66,1.91,2.2,2.53,2.91,1.08,0.00,Each,Spark Plug
R180TS,7,14,1.44,1.66,1.91,2.2,2.53,2.91,1.08,0.00,Each,Spark Plug
R181TS,2,5,1.44,1.66,1.91,2.2,2.53,2.91,1.08,0.00,Each,Spark Plug
R182TS,10,14,1.44,1.66,1.91,2.2,2.53,2.91,1.08,0.00,Each,Spark Plug
R183TS,12,22,1.44,1.66,1.91,2.2,2.53,2.91,1.08,0.00,Each,Spark Plug
R184TS,4,13,1.44,1.66,1.91,2.2,2.53,2.91,1.08,0.00,Each,Spark Plug
R185TS,9,13,1.44,1.66,1.91,2.2,2.53,2.91,1.08,0.00,Each,Spark Plug
R186TS,10,17,1.44,1.66,1.91,2.2,2.53,2.91,1.08,0.00,Each,Spark Plug
R187TS,7,16,1.44,1.66,1.91,2.2,2.53,2.91,1.08,0.00,Each,Spark Plug
R188TS,6,6,1.44,1.66,1.91,2.2,2.53,2.91,1.08,0.00,Each,Spark Plug
R189TS,2,2,1.44,1.66,1.91,2.2,2.53,2.91,1.08,0.00,Each,Spark Plug
R190TS,6,12,1.44,1.66,1.91,2.2,2.53,2.91,1.08,0.00,Each,Spark Plug
R191TS,11,20,1.44,1.66,1.91,2.2,2.53,2.91,1.08,0.00,Each,Spark Plug
R192TS,5,15,1.44,1.66,1.91,2.2,2.53,2.91,1.08,0.00,Each,Spark Plug
R193TS,3,5,1.44,1.66,1.91,2.2,2.53,2.91,1.08,0.00,Each,Spark Plug
R194TS,2,3,1.44,1.66,1.91,2.2,2.53,2.91,1.08,0.00,Each,Spark Plug
R195TS,6,8,1.44,1.66,1.91,2.2,2.53,2.91,1.08,0.00,Each,Spark Plug
R196TS,12,19,1.44,1.66,1.91,2.2,2.53,2.91,1.08,0.00,Each,Spark Plug
R197TS,8,18,1.44,1.66,1.91,2.2,2.53,2.91,1.08,0.00,Each,Spark Plug
R198TS,6,13,1.44,1.66,1.91,2.2,2.53,2.91,1.08,0.00,Each,Spark Plug
R199TS,6,7,1.44,1.66,1.91,2.2,2.53,2.91,1.08,0.00,Each,Spark Plug
R200TS,9,15,1.44,1.66,1.91,2.2,2.53,2.91,1.08,0.00,Each,Spark Plug
R201TS,1,3,1.44,1.66,1.91,2.2,2.53,2.91,1.08,0.00,Each,Spark Plug
R202TS,3,7,1.44,1.66,1.91,2.2,2.53,2.91,1.08,0.00,Each,Spark Plug
R203TS,11,21,1.44,1.66,1.91,2.2,2.53,2.91,1.08,0.00,Each,Spark Plug
R204TS,8,16,1.44,1.66,1.91,2.2,2.53,2.91,1.08,0.00,Each,Spark Plug
R205TS,9,10,1.44,1.66,1.91,2.2,2.53,2.91,1.08,0.00,Each,Spark Plug
R206TS,5,6,1.44,1.66,1.91,2.2,2.53,2.91,1.08,0.00,Each,Spark Plug
R207TS,11,16,1.44,1.66,1.91,2.2,2.53,2.91,1.08,0.00,Each,Spark Plug
R208TS,5,12,1.44,1.66,1.91,2.2,2.53,2.91,1.08,0.00,Each,Spark Plug
R209TS,6,14,1.44,1.66,1.91,2.2,2.53,2.91,1.08,0.00,Each,Spark Plug
R210TS,2,4,1.44,1.66,1.91,2.2,2.53,2.91,1.08,0.00,Each,Spark Plug
R211TS,8,19,1.44,1.66,1.91,2.2,2.53,2.91,1.08,0.00,Each,Spark Plug
R212TS,10,17,1.44,1.66,1.91,2.2,2.53,2.91,1.08,0.00,Each,Spark Plug
R213TS,9,13,1.44,1.66,1.91,2.2,2.53,2.91,1.08,0.00,Each,Spark Plug
R214TS,3,6,1.44,1.66,1.91,2.2,2.53,2.91,1.08,0.00,Each,Spark Plug
R215TS,2,4,1.44,1.66,1.91,2.2,2.53,2.91,1.08,0.00,Each,Spark Plug
R216TS,2,10,1.44,1.66,1.91,2.2,2.53,2.91,1.08,0.00,Each,Spark Plug
R217TS,8,12,1.44,1.66,1.91,2.2,2.53,2.91,1.08,0.00,Each,Spark Plug
R218TS,3,6,1.44,1.66,1.91,2.2,2.53,2.91,1.08,0.00,Each,Spark Plug
R219TS,3,6,1.44,1.66,1.91,2.2,2.53,2.91,1.08,0.00,Each,Spark Plug
R220TS,5,9,1.44,1.66,1.91,2.2,2.53,2.91,1.08,0.00,Each,Spark Plug
R221TS,9,18,1.44,1.66,1.91,2.2,2.53,2.91,1.08,0.00,Each,Spark Plug
R222TS,3,7,1.44,1.66,1.91,2.2,2.53,2.91,1.08,0.00,Each,Spark Plug
R223TS,6,17,1.44,1.66,1.91,2.2,2.53,2.91,1.08,0.00,Each,Spark Plug
R224TS,5,7,1.44,1.66,1.91,2.2,2.53,2.91,1.08,0.00,Each,Spark Plug
R225TS,8,18,1.44,1.66,1.91,2.2,2.53,2.91,1.08,0.00,Each,Spark Plug
R226TS,5,6,1.44,1.66,1.91,2.2,2.53,2.91,1.08,0.00,Each,Spark Plug
R227TS,9,12,1.44,1.66,1.91,2.2,2.53,2.91,1.08,0.00,Each,Spark Plug
R228TS,1,3,1.44,1.66,1.91,2.2,2.53,2.91,1.08,0.00,Each,Spark Plug
R229TS,10,15,1.44,1.66,1.91,2.2,2.53,2.91,1.08,0.00,Each,Spark Plug
R230TS,7,10,1.44,1.66,1.91,2.2,2.53,2.91,1.08,0.00,Each,Spark Plug
R231TS,6,7,1.44,1.66,1.91,2.2,2.53,2.91,1.08,0.00,Each,Spark Plug
R232TS,11,21,1.44,1.66,1.91,2.2,2.53,2.91,1.08,0.00,Each,Spark Plug
R233TS,5,11,1.44,1.66,1.91,2.2,2.53,2.91,1.08,0.00,Each,Spark Plug
R234TS,9,15,1.44,1.66,1.91,2.2,2.53,2.91,1.08,0.00,Each,Spark Plug
R235TS,10,12,1.44,1.66,1.91,2.2,2.53,2.91,1.08,0.00,Each,Spark Plug
R236TS,2,8,1.44,1.66,1.91,2.2,2.53,2.91,1.08,0.00,Each,Spark Plug
R237TS,4,9,1.44,1.66,1.91,2.2,2.53,2.91,1.08,0.00,Each,Spark Plug
R238TS,3,11,1.44,1.66,1.91,2.2,2.53,2.91,1.08,0.00,Each,Spark Plug
R239TS,5,13,1.44,1.66,1.91,2.2,2.53,2.91,1.08,0.00,Each,Spark Plug
R240TS,9,15,1.44,1.66,1.91,2.2,2.53,2.91,1.08,0.00,Each,Spark Plug
R241TS,2,8,1.44,1.66,1.91,2.2,2.53,2.91,1.08,0.00,Each,Spark Plug
R242TS,9,19,1.44,1.66,1.91,2.2,2.53,2.91,1.08,0.00,Each,Spark Plug
R243TS,4,5,1.44,1.66,1.91,2.2,2.53,2.91,1.08,0.00,Each,Spark Plug
R244TS,3,5,1.44,1.66,1.91,2.2,2.53,2.91,1.08,0.00,Each,Spark Plug
R245TS,11,21,1.44,1.66,1.91,2.2,2.53,2.91,1.08,0.00,Each,Spark Plug
R246TS,3,4,1.44,1.66,1.91,2.2,2.53,2.91,1.08,0.00,Each,Spark Plug
R247TS,10,12,1.44,1.66,1.91,2.2,2.53,2.91,1.08,0.00,Each,Spark Plug
R248TS,7,16,1.44,1.66,1.91,2.2,2.53,2.91,1.08,0.00,Each,Spark Plug
R249TS,12,20,1.44,1.66,1.91,2.2,2.53,2.91,1.08,0.00,Each,Spark Plug
R250TS,3,5,1.44,1.66,1.91,2.2,2.53,2.91,1.08,0.00,Each,Spark Plug
R251TS,4,11,1.44,1.66,1.91,2.2,2.53,2.91,1.08,0.00,Each,Spark Plug
R252TS,11,11,1.44,1.66,1.91,2.2,2.53,2.91,1.08,0.00,Each,Spark Plug
R253TS,11,21,1.44,1.66,1.91,2.2,2.53,2.91,1.08,0.00,Each,Spark Plug
R254TS,4,14,1.44,1.66,1.91,2.2,2.53,2.91,1.08,0.00,Each,Spark Plug
R255TS,11,16,1.44,1.66,1.91,2.2,2.53,2.91,1.08,0.00,Each,Spark Plug
R256TS,11,13,1.44,1.66,1.91,2.2,2.53,2.91,1.08,0.00,Each,Spark Plug
R257TS,3,5,1.44,1.66,1.91,2.2,2.53,2.91,1.08,0.00,Each,Spark Plug
R258TS,1,10,1.44,1.66,1.91,2.2,2.53,2.91,1.08,0.00,Each,Spark Plug
R259TS,8,13,1.44,1.66,1.91,2.2,2.53,2.91,1.08,0.00,Each,Spark Plug
R260TS,10,11,1.44,1.66,1.91,2.2,2.53,2.91,1.08,0.00,Each,Spark Plug
R261TS,8,16,1.44,1.66,1.91,2.2,2.53,2.91,1.08,0.00,Each,Spark Plug
R262TS,1,9,1.44,1.66,1.91,2.2,2.53,2.91,1.08,0.00,Each,Spark Plug
R263TS,11,18,1.44,1.66,1.91,2.2,2.53,2.91,1.08,0.00,Each,Spark Plug
R264TS,9,14,1.44,1.66,1.91,2.2,2.53,2.91,1.08,0.00,Each,Spark Plug
R265TS,8,13,1.44,1.66,1.91,2.2,2.53,2.91,1.08,0.00,Each,Spark Plug
R266TS,2,3,1.44,1.66,1.91,2.2,2.53,2.91,1.08,0.00,Each,Spark Plug
R267TS,9,9,1.44,1.66,1.91,2.2,2.53,2.91,1.08,0.00,Each,Spark Plug
R268TS,8,18,1.44,1.66,1.91,2.2,2.53,2.91,1.08,0.00,Each,Spark Plug
R269TS,4,5,1.44,1.66,1.91,2.2,2.53,2.91,1.08,0.00,Each,Spark Plug
R270TS,4,11,1.44,1.66,1.91,2.2,2.53,2.91,1.08,0.00,Each,Spark Plug
R271TS,10,13,1.44,1.66,1.91,2.2,2.53,2.91,1.08,0.00,Each,Spark Plug
R272TS,11,16,1.44,1.66,1.91,2.2,2.53,2.91,1.08,0.00,Each,Spark Plug
R273TS,11,13,1.44,1.66,1.91,2.2,2.53,2.91,1.08,0.00,Each,Spark Plug
R274TS,12,20,1.44,1.66,1.91,2.2,2.53,2.91,1.08,0.00,Each,Spark Plug
R275TS,8,10,1.44,1.66,1.91,2.2,2.53,2.91,1.08,0.00,Each,Spark Plug
R276TS,6,13,1.44,1.66,1.91,2.2,2.53,2.91,1.08,0.00,Each,Spark Plug
R277TS,3,11,1.44,1.66,1.91,2.2,2.53,2.91,1.08,0.00,Each,Spark Plug
R278TS,9,13,1.44,1.66,1.91,2.2,2.53,2.91,1.08,0.00,Each,Spark Plug
R279TS,2,8,1.44,1.66,1.91,2.2,2.53,2.91,1.08,0.00,Each,Spark Plug
R280TS,7,11,1.44,1.66,1.91,2.2,2.53,2.91,1.08,0.00,Each,Spark Plug
R281TS,7,17,1.44,1.66,1.91,2.2,2.53,2.91,1.08,0.00,Each,Spark Plug
R282TS,11,17,1.44,1.66,1.91,2.2,2.53,2.91,1.08,0.00,Each,Spark Plug
R283TS,9,18,1.44,1.66,1.91,2.2,2.53,2.91,1.08,0.00,Each,Spark Plug
R284TS,6,10,1.44,1.66,1.91,2.2,2.53,2.91,1.08,0.00,Each,Spark Plug
R285TS,10,10,1.44,1.66,1.91,2.2,2.53,2.91,1.08,0.00,Each,Spark Plug
R286TS,1,2,1.44,1.66,1.91,2.2,2.53,2.91,1.08,0.00,Each,Spark Plug
R287TS,2,4,1.44,1.66,1.91,2.2,2.53,2.91,1.08,0.00,Each,Spark Plug
R288TS,10,16,1.44,1.66,1.91,2.2,2.53,2.91,1.08,0.00,Each,Spark Plug
R289TS,9,15,1.44,1.66,1.91,2.2,2.53,2.91,1.08,0.00,Each,Spark Plug
R290TS,4,11,1.44,1.66,1.91,2.2,2.53,2.91,1.08,0.00,Each,Spark Plug
R291TS,7,11,1.44,1.66,1.91,2.2,2.53,2.91,1.08,0.00,Each,Spark Plug
R292TS,4,11,1.44,1.66,1.91,2.2,2.53,2.91,1.08,0.00,Each,Spark Plug
R293TS,11,21,1.44,1.66,1.91,2.2,2.53,2.91,1.08,0.00,Each,Spark Plug
R294TS,12,17,1.44,1.66,1.91,2.2,2.53,2.91,1.08,0.00,Each,Spark Plug
R295TS,5,8,1.44,1.66,1.91,2.2,2.53,2.91,1.08,0.00,Each,Spark Plug
R296TS,3,5,1.44,1.66,1.91,2.2,2.53,2.91,1.08,0.00,Each,Spark Plug
R297TS,3,13,1.44,1.66,1.91,2.2,2.53,2.91,1.08,0.00,Each,Spark Plug
R298TS,4,7,1.44,1.66,1.91,2.2,2.53,2.91,1.08,0.00,Each,Spark Plug
R299TS,2,10,1.44,1.66,1.91,2.2,2.53,2.91,1.08,0.00,Each,Spark Plug
R300TS,10,14,1.44,1.66,1.91,2.2,2.53,2.91,1.08,0.00,Each,Spark Plug
R301TS,7,9,1.44,1.66,1.91,2.2,2.53,2.91,1.08,0.00,Each,Spark Plug
R302TS,12,19,1.44,1.66,1.91,2.2,2.53,2.91,1.08,0.00,Each,Spark Plug
R303TS,11,16,1.44,1.66,1.91,2.2,2.53,2.91,1.08,0.00,Each,Spark Plug
R304TS,4,10,1.44,1.66,1.91,2.2,2.53,2.91,1.08,0.00,Each,Spark Plug
R305TS,7,16,1.44,1.66,1.91,2.2,2.53,2.91,1.08,0.00,Each,Spark Plug
R306TS,4,8,1.44,1.66,1.91,2.2,2.53,2.91,1.08,0.00,Each,Spark Plug
R307TS,6,15,1.44,1.66,1.91,2.2,2.53,2.91,1.08,0.00,Each,Spark Plug
R308TS,10,13,1.44,1.66,1.91,2.2,2.53,2.91,1.08,0.00,Each,Spark Plug
R309TS,4,7,1.44,1.66,1.91,2.2,2.53,2.91,1.08,0.00,Each,Spark Plug
R310TS,8,17,1.44,1.66,1.91,2.2,2.53,2.91,1.08,0.00,Each,Spark Plug
R311TS,5,15,1.44,1.66,1.91,2.2,2.53,2.91,1.08,0.00,Each,Spark Plug
R312TS,6,7,1.44,1.66,1.91,2.2,2.53,2.91,1.08,0.00,Each,Spark Plug
R313TS,3,11,1.44,1.66,1.91,2.2,2.53,2.91,1.08,0.00,Each,Spark Plug
R314TS,9,10,1.44,1.66,1.91,2.2,2.53,2.91,1.08,0.00,Each,Spark Plug
R315TS,2,7,1.44,1.66,1.91,2.2,2.53,2.91,1.08,0.00,Each,Spark Plug
R316TS,8,10,1.44,1.66,1.91,2.2,2.53,2.91,1.08,0.00,Each,Spark Plug
R317TS,4,8,1.44,1.66,1.91,2.2,2.53,2.91,1.08,0.00,Each,Spark Plug
R318TS,9,10,1.44,1.66,1.91,2.2,2.53,2.91,1.08,0.00,Each,Spark Plug
R319TS,3,11,1.44,1.66,1.91,2.2,2.53,2.91,1.08,0.00,Each,Spark Plug
R320TS,5,5,1.44,1.66,1.91,2.2,2.53,2.91,1.08,0.00,Each,Spark Plug
R321TS,6,16,1.44,1.66,1.91,2.2,2.53,2.91,1.08,0.00,Each,Spark Plug
R322TS,9,15,1.44,1.66,1.91,2.2,2.53,2.91,1.08,0.00,Each,Spark Plug
R323TS,11,20,1.44,1.66,1.91,2.2,2.53,2.91,1.08,0.00,Each,Spark Plug
R324TS,1,3,1.44,1.66,1.91,2.2,2.53,2.91,1.08,0.00,Each,Spark Plug
R325TS,1,9,1.44,1.66,1.91,2.2,2.53,2.91,1.08,0.00,Each,Spark Plug
R326TS,10,12,1.44,1.66,1.91,2.2,2.53,2.91,1.08,0.00,Each,Spark Plug
R327TS,10,20,1.44,1.66,1.91,2.2,2.53,2.91,1.08,0.00,Each,Spark Plug
R328TS,2,9,1.44,1.66,1.91,2.2,2.53,2.91,1.08,0.00,Each,Spark Plug
R329TS,10,17,1.44,1.66,1.91,2.2,2.53,2.91,1.08,0.00,Each,Spark Plug
R330TS,5,13,1.44,1.66,1.91,2.2,2.53,2.91,1.08,0.00,Each,Spark Plug
R331TS,10,19,1.44,1.66,1.91,2.2,2.53,2.91,1.08,0.00,Each,Spark Plug
R332TS,4,9,1.44,1.66,1.91,2.2,2.53,2.91,1.08,0.00,Each,Spark Plug
R333TS,6,15,1.44,1.66,1.91,2.2,2.53,2.91,1.08,0.00,Each,Spark Plug
R334TS,12,19,1.44,1.66,1.91,2.2,2.53,2.91,1.08,0.00,Each,Spark Plug
R335TS,9,13,1.44,1.66,1.91,2.2,2.53,2.91,1.08,0.00,Each,Spark Plug
R336TS,10,20,1.44,1.66,1.91,2.2,2.53,2.91,1.08,0.00,Each,Spark Plug
R337TS,3,7,1.44,1.66,1.91,2.2,2.53,2.91,1.08,0.00,Each,Spark Plug
R338TS,7,18,1.44,1.66,1.91,2.2,2.53,2.91,1.08,0.00,Each,Spark Plug
R339TS,9,11,1.44,1.66,1.91,2.2,2.53,2.91,1.08,0.00,Each,Spark Plug
R340TS,10,14,1.44,1.66,1.91,2.2,2.53,2.91,1.08,0.00,Each,Spark Plug
R341TS,4,10,1.44,1.66,1.91,2.2,2.53,2.91,1.08,0.00,Each,Spark Plug
R342TS,3,12,1.44,1.66,1.91,2.2,2.53,2.91,1.08,0.00,Each,Spark Plug
R343TS,3,8,1.44,1.66,1.91,2.2,2.53,2.91,1.08,0.00,Each,Spark Plug
R344TS,11,22,1.44,1.66,1.91,2.2,2.53,2.91,1.08,0.00,Each,Spark Plug
R345TS,5,8,1.44,1.66,1.91,2.2,2.53,2.91,1.08,0.00,Each,Spark Plug
R346TS,11,16,1.44,1.66,1.91,2.2,2.53,2.91,1.08,0.00,Each,Spark Plug
R347TS,2,8,1.44,1.66,1.91,2.2,2.53,2.91,1.08,0.00,Each,Spark Plug
R348TS,6,9,1.44,1.66,1.91,2.2,2.53,2.91,1.08,0.00,Each,Spark Plug
R349TS,7,12,1.44,1.66,1.91,2.2,2.53,2.91,1.08,0.00,Each,Spark Plug
R350TS,7,7,1.44,1.66,1.91,2.2,2.53,2.91,1.08,0.00,Each,Spark Plug
R351TS,12,12,1.44,1.66,1.91,2.2,2.53,2.91,1.08,0.00,Each,Spark Plug
R352TS,5,13,1.44,1.66,1.91,2.2,2.53,2.91,1.08,0.00,Each,Spark Plug
R353TS,9,19,1.44,1.66,1.91,2.2,2.53,2.91,1.08,0.00,Each,Spark Plug
R354TS,12,20,1.44,1.66,1.91,2.2,2.53,2.91,1.08,0.00,Each,Spark Plug
R355TS,12,15,1.44,1.66,1.91,2.2,2.53,2.91,1.08,0.00,Each,Spark Plug
R356TS,1,4,1.44,1.66,1.91,2.2,2.53,2.91,1.08,0.00,Each,Spark Plug
R357TS,6,8,1.44,1.66,1.91,2.2,2.53,2.91,1.08,0.00,Each,Spark Plug
R358TS,7,15,1.44,1.66,1.91,2.2,2.53,2.91,1.08,0.00,Each,Spark Plug
R359TS,3,4,1.44,1.66,1.91,2.2,2.53,2.91,1.08,0.00,Each,Spark Plug
R360TS,1,8,1.44,1.66,1.91,2.2,2.53,2.91,1.08,0.00,Each,Spark Plug
R361TS,8,12,1.44,1.66,1.91,2.2,2.53,2.91,1.08,0.00,Each,Spark Plug
R362TS,11,18,1.44,1.66,1.91,2.2,2.53,2.91,1.08,0.00,Each,Spark Plug
R363TS,9,12,1.44,1.66,1.91,2.2,2.53,2.91,1.08,0.00,Each,Spark Plug
R364TS,5,6,1.44,1.66,1.91,2.2,2.53,2.91,1.08,0.00,Each,Spark Plug
R365TS,12,22,1.44,1.66,1.91,2.2,2.53,2.91,1.08,0.00,Each,Spark Plug
R366TS,4,10,1.44,1.66,1.91,2.2,2.53,2.91,1.08,0.00,Each,Spark Plug
R367TS,5,14,1.44,1.66,1.91,2.2,2.53,2.91,1.08,0.00,Each,Spark Plug
R368TS,7,9,1.44,1.66,1.91,2.2,2.53,2.91,1.08,0.00,Each,Spark Plug
R369TS,3,9,1.44,1.66,1.91,2.2,2.53,2.91,1.08,0.00,Each,Spark Plug
R370TS,4,10,1.44,1.66,1.91,2.2,2.53,2.91,1.08,0.00,Each,Spark Plug
R371TS,7,9,1.44,1.66,1.91,2.2,2.53,2.91,1.08,0.00,Each,Spark Plug
R372TS,9,12,1.44,1.66,1.91,2.2,2.53,2.91,1.08,0.00,Each,Spark Plug
R373TS,8,8,1.44,1.66,1.91,2.2,2.53,2.91,1.08,0.00,Each,Spark Plug
R374TS,10,14,1.44,1.66,1.91,2.2,2.53,2.91,1.08,0.00,Each,Spark Plug
R375TS,5,8,1.44,1.66,1.91,2.2,2.53,2.91,1.08,0.00,Each,Spark Plug
R376TS,10,12,1.44,1.66,1.91,2.2,2.53,2.91,1.08,0.00,Each,Spark Plug
R377TS,11,22,1.44,1.66,1.91,2.2,2.53,2.91,1.08,0.00,Each,Spark Plug
R378TS,11,14,1.44,1.66,1.91,2.2,2.53,2.91,1.08,0.00,Each,Spark Plug
R379TS,6,10,1.44,1.66,1.91,2.2,2.53,2.91,1.08,0.00,Each,Spark Plug
R380TS,8,11,1.44,1.66,1.91,2.2,2.53,2.91,1.08,0.00,Each,Spark Plug
R381TS,6,16,1.44,1.66,1.91,2.2,2.53,2.91,1.08,0.00,Each,Spark Plug
R382TS,6,6,1.44,1.66,1.91,2.2,2.53,2.91,1.08,0.00,Each,Spark Plug
R383TS,11,14,1.44,1.66,1.91,2.2,2.53,2.91,1.08,0.00,Each,Spark Plug
R384TS,8,11,1.44,1.66,1.91,2.2,2.53,2.91,1.08,0.00,Each,Spark Plug
R385TS,10,12,1.44,1.66,1.91,2.2,2.53,2.91,1.08,0.00,Each,Spark Plug
R386TS,7,7,1.44,1.66,1.91,2.2,2.53,2.91,1.08,0.00,Each,Spark Plug
R387TS,10,12,1.44,1.66,1.91,2.2,2.53,2.91,1.08,0.00,Each,Spark Plug
R388TS,11,13,1.44,1.66,1.91,2.2,2.53,2.91,1.08,0.00,Each,Spark Plug
R389TS,9,18,1.44,1.66,1.91,2.2,2.53,2.91,1.08,0.00,Each,Spark Plug
R390TS,7,15,1.44,1.66,1.91,2.2,2.53,2.91,1.08,0.00,Each,Spark Plug
R391TS,10,19,1.44,1.66,1.91,2.2,2.53,2.91,1.08,0.00,Each,Spark Plug
R392TS,8,13,1.44,1.66,1.91,2.2,2.53,2.91,1.08,0.00,Each,Spark Plug
R393TS,5,16,1.44,1.66,1.91,2.2,2.53,2.91,1.08,0.00,Each,Spark Plug
R394TS,2,4,1.44,1.66,1.91,2.2,2.53,2.91,1.08,0.00,Each,Spark Plug
R395TS,3,13,1.44,1.66,1.91,2.2,2.53,2.91,1.08,0.00,Each,Spark Plug
R396TS,9,18,1.44,1.66,1.91,2.2,2.53,2.91,1.08,0.00,Each,Spark Plug
R397TS,9,20,1.44,1.66,1.91,2.2,2.53,2.91,1.08,0.00,Each,Spark Plug
R398TS,12,16,1.44,1.66,1.91,2.2,2.53,2.91,1.08,0.00,Each,Spark Plug
R399TS,1,5,1.44,1.66,1.91,2.2,2.53,2.91,1.08,0.00,Each,Spark Plug
R400TS,5,15,1.44,1.66,1.91,2.2,2.53,2.91,1.08,0.00,Each,Spark Plug
R401TS,2,3,1.44,1.66,1.91,2.2,2.53,2.91,1.08,0.00,Each,Spark Plug
R402TS,4,8,1.44,1.66,1.91,2.2,2.53,2.91,1.08,0.00,Each,Spark Plug
R403TS,3,5,1.44,1.66,1.91,2.2,2.53,2.91,1.08,0.00,Each,Spark Plug
R404TS,3,7,1.44,1.66,1.91,2.2,2.53,2.91,1.08,0.00,Each,Spark Plug
R405TS,8,13,1.44,1.66,1.91,2.2,2.53,2.91,1.08,0.00,Each,Spark Plug
R406TS,6,14,1.44,1.66,1.91,2.2,2.53,2.91,1.08,0.00,Each,Spark Plug
R407TS,7,12,1.44,1.66,1.91,2.2,2.53,2.91,1.08,0.00,Each,Spark Plug
R408TS,6,11,1.44,1.66,1.91,2.2,2.53,2.91,1.08,0.00,Each,Spark Plug
R409TS,8,19,1.44,1.66,1.91,2.2,2.53,2.91,1.08,0.00,Each,Spark Plug
R410TS,4,10,1.44,1.66,1.91,2.2,2.53,2.91,1.08,0.00,Each,Spark Plug
R411TS,3,4,1.44,1.66,1.91,2.2,2.53,2.91,1.08,0.00,Each,Spark Plug
R412TS,2,9,1.44,1.66,1.91,2.2,2.53,2.91,1.08,0.00,Each,Spark Plug
R413TS,9,19,1.44,1.66,1.91,2.2,2.53,2.91,1.08,0.00,Each,Spark Plug
R414TS,5,13,1.44,1.66,1.91,2.2,2.53,2.91,1.08,0.00,Each,Spark Plug
R415TS,5,7,1.44,1.66,1.91,2.2,2.53,2.91,1.08,0.00,Each,Spark Plug
R416TS,10,20,1.44,1.66,1.91,2.2,2.53,2.91,1.08,0.00,Each,Spark Plug
R417TS,7,8,1.44,1.66,1.91,2.2,2.53,2.91,1.08,0.00,Each,Spark Plug
R418TS,6,13,1.44,1.66,1.91,2.2,2.53,2.91,1.08,0.00,Each,Spark Plug
R419TS,3,11,1.44,1.66,1.91,2.2,2.53,2.91,1.08,0.00,Each,Spark Plug
R420TS,7,8,1.44,1.66,1.91,2.2,2.53,2.91,1.08,0.00,Each,Spark Plug
R421TS,2,13,1.44,1.66,1.91,2.2,2.53,2.91,1.08,0.00,Each,Spark Plug
R422TS,8,18,1.44,1.66,1.91,2.2,2.53,2.91,1.08,0.00,Each,Spark Plug
R423TS,2,11,1.44,1.66,1.91,2.2,2.53,2.91,1.08,0.00,Each,Spark Plug
R424TS,4,12,1.44,1.66,1.91,2.2,2.53,2.91,1.08,0.00,Each,Spark Plug
R425TS,10,15,1.44,1.66,1.91,2.2,2.53,2.91,1.08,0.00,Each,Spark Plug
R426TS,4,14,1.44,1.66,1.91,2.2,2.53,2.91,1.08,0.00,Each,Spark Plug
R427TS,3,13,1.44,1.66,1.91,2.2,2.53,2.91,1.08,0.00,Each,Spark Plug
R428TS,4,7,1.44,1.66,1.91,2.2,2.53,2.91,1.08,0.00,Each,Spark Plug
R429TS,11,16,1.44,1.66,1.91,2.2,2.53,2.91,1.08,0.00,Each,Spark Plug
R430TS,11,20,1.44,1.66,1.91,2.2,2.53,2.91,1.08,0.00,Each,Spark Plug
R431TS,12,20,1.44,1.66,1.91,2.2,2.53,2.91,1.08,0.00,Each,Spark Plug
R432TS,8,17,1.44,1.66,1.91,2.2,2.53,2.91,1.08,0.00,Each,Spark Plug
R433TS,2,2,1.44,1.66,1.91,2.2,2.53,2.91,1.08,0.00,Each,Spark Plug
R434TS,6,13,1.44,1.66,1.91,2.2,2.53,2.91,1.08,0.00,Each,Spark Plug
R435TS,10,11,1.44,1.66,1.91,2.2,2.53,2.91,1.08,0.00,Each,Spark Plug
R436TS,4,4,1.44,1.66,1.91,2.2,2.53,2.91,1.08,0.00,Each,Spark Plug
R437TS,11,14,1.44,1.66,1.91,2.2,2.53,2.91,1.08,0.00,Each,Spark Plug
R438TS,10,18,1.44,1.66,1.91,2.2,2.53,2.91,1.08,0.00,Each,Spark Plug
R439TS,9,14,1.44,1.66,1.91,2.2,2.53,2.91,1.08,0.00,Each,Spark Plug
R440TS,8,12,1.44,1.66,1.91,2.2,2.53,2.91,1.08,0.00,Each,Spark Plug
R441TS,7,12,1.44,1.66,1.91,2.2,2.53,2.91,1.08,0.00,Each,Spark Plug
R442TS,1,9,1.44,1.66,1.91,2.2,2.53,2.91,1.08,0.00,Each,Spark Plug
R443TS,2,7,1.44,1.66,1.91,2.2,2.53,2.91,1.08,0.00,Each,Spark Plug
R444TS,8,17,1.44,1.66,1.91,2.2,2.53,2.91,1.08,0.00,Each,Spark Plug
R445TS,4,5,1.44,1.66,1.91,2.2,2.53,2.91,1.08,0.00,Each,Spark Plug
R446TS,11,16,1.44,1.66,1.91,2.2,2.53,2.91,1.08,0.00,Each,Spark Plug
R447TS,7,13,1.44,1.66,1.91,2.2,2.53,2.91,1.08,0.00,Each,Spark Plug
R448TS,2,3,1.44,1.66,1.91,2.2,2.53,2.91,1.08,0.00,Each,Spark Plug
R449TS,6,15,1.44,1.66,1.91,2.2,2.53,2.91,1.08,0.00,Each,Spark Plug
R450TS,3,12,1.44,1.66,1.91,2.2,2.53,2.91,1.08,0.00,Each,Spark Plug
R451TS,6,15,1.44,1.66,1.91,2.2,2.53,2.91,1.08,0.00,Each,Spark Plug
R452TS,2,10,1.44,1.66,1.91,2.2,2.53,2.91,1.08,0.00,Each,Spark Plug
R453TS,7,14,1.44,1.66,1.91,2.2,2.53,2.91,1.08,0.00,Each,Spark Plug
R454TS,2,2,1.44,1.66,1.91,2.2,2.53,2.91,1.08,0.00,Each,Spark Plug
R455TS,1,6,1.44,1.66,1.91,2.2,2.53,2.91,1.08,0.00,Each,Spark Plug
R456TS,6,8,1.44,1.66,1.91,2.2,2.53,2.91,1.08,0.00,Each,Spark Plug
R457TS,11,14,1.44,1.66,1.91,2.2,2.53,2.91,1.08,0.00,Each,Spark Plug
R458TS,4,6,1.44,1.66,1.91,2.2,2.53,2.91,1.08,0.00,Each,Spark Plug
R459TS,4,14,1.44,1.66,1.91,2.2,2.53,2.91,1.08,0.00,Each,Spark Plug
R460TS,7,15,1.44,1.66,1.91,2.2,2.53,2.91,1.08,0.00,Each,Spark Plug
R461TS,6,7,1.44,1.66,1.91,2.2,2.53,2.91,1.08,0.00,Each,Spark Plug
R462TS,2,4,1.44,1.66,1.91,2.2,2.53,2.91,1.08,0.00,Each,Spark Plug
R463TS,7,14,1.44,1.66,1.91,2.2,2.53,2.91,1.08,0.00,Each,Spark Plug
R464TS,3,8,1.44,1.66,1.91,2.2,2.53,2.91,1.08,0.00,Each,Spark Plug
R465TS,7,12,1.44,1.66,1.91,2.2,2.53,2.91,1.08,0.00,Each,Spark Plug
R466TS,10,11,1.44,1.66,1.91,2.2,2.53,2.91,1.08,0.00,Each,Spark Plug
R467TS,6,14,1.44,1.66,1.91,2.2,2.53,2.91,1.08,0.00,Each,Spark Plug
R468TS,4,6,1.44,1.66,1.91,2.2,2.53,2.91,1.08,0.00,Each,Spark Plug
R469TS,11,11,1.44,1.66,1.91,2.2,2.53,2.91,1.08,0.00,Each,Spark Plug
R470TS,9,20,1.44,1.66,1.91,2.2,2.53,2.91,1.08,0.00,Each,Spark Plug
R471TS,5,7,1.44,1.66,1.91,2.2,2.53,2.91,1.08,0.00,Each,Spark Plug
R472TS,11,15,1.44,1.66,1.91,2.2,2.53,2.91,1.08,0.00,Each,Spark Plug
R473TS,3,8,1.44,1.66,1.91,2.2,2.53,2.91,1.08,0.00,Each,Spark Plug
R474TS,4,5,1.44,1.66,1.91,2.2,2.53,2.91,1.08,0.00,Each,Spark Plug
R475TS,5,13,1.44,1.66,1.91,2.2,2.53,2.91,1.08,0.00,Each,Spark Plug
R476TS,10,12,1.44,1.66,1.91,2.2,2.53,2.91,1.08,0.00,Each,Spark Plug
R477TS,2,13,1.44,1.66,1.91,2.2,2.53,2.91,1.08,0.00,Each,Spark Plug
R478TS,12,21,1.44,1.66,1.91,2.2,2.53,2.91,1.08,0.00,Each,Spark Plug
R479TS,4,10,1.44,1.66,1.91,2.2,2.53,2.91,1.08,0.00,Each,Spark Plug
R480TS,11,17,1.44,1.66,1.91,2.2,2.53,2.91,1.08,0.00,Each,Spark Plug
R481TS,3,8,1.44,1.66,1.91,2.2,2.53,2.91,1.08,0.00,Each,Spark Plug
R482TS,10,12,1.44,1.66,1.91,2.2,2.53,2.91,1.08,0.00,Each,Spark Plug
R483TS,1,3,1.44,1.66,1.91,2.2,2.53,2.91,1.08,0.00,Each,Spark Plug
R484TS,2,12,1.44,1.66,1.91,2.2,2.53,2.91,1.08,0.00,Each,Spark Plug
R485TS,3,14,1.44,1.66,1.91,2.2,2.53,2.91,1.08,0.00,Each,Spark Plug
R486TS,3,7,1.44,1.66,1.91,2.2,2.53,2.91,1.08,0.00,Each,Spark Plug
R487TS,9,20,1.44,1.66,1.91,2.2,2.53,2.91,1.08,0.00,Each,Spark Plug
R488TS,8,14,1.44,1.66,1.91,2.2,2.53,2.91,1.08,0.00,Each,Spark Plug
R489TS,4,13,1.44,1.66,1.91,2.2,2.53,2.91,1.08,0.00,Each,Spark Plug
R490TS,7,15,1.44,1.66,1.91,2.2,2.53,2.91,1.08,0.00,Each,Spark Plug
R491TS,3,6,1.44,1.66,1.91,2.2,2.53,2.91,1.08,0.00,Each,Spark Plug
R492TS,4,13,1.44,1.66,1.91,2.2,2.53,2.91,1.08,0.00,Each,Spark Plug
R493TS,10,11,1.44,1.66,1.91,2.2,2.53,2.91,1.08,0.00,Each,Spark Plug
R494TS,3,11,1.44,1.66,1.91,2.2,2.53,2.91,1.08,0.00,Each,Spark Plug
R495TS,7,10,1.44,1.66,1.91,2.2,2.53,2.91,1.08,0.00,Each,Spark Plug
R496TS,11,14,1.44,1.66,1.91,2.2,2.53,2.91,1.08,0.00,Each,Spark Plug
R497TS,10,16,1.44,1.66,1.91,2.2,2.53,2.91,1.08,0.00,Each,Spark Plug
R498TS,4,9,1.44,1.66,1.91,2.2,2.53,2.91,1.08,0.00,Each,Spark Plug
R499TS,2,6,1.44,1.66,1.91,2.2,2.53,2.91,1.08,0.00,Each,Spark Plug
R500TS,9,12,1.44,1.66,1.91,2.2,2.53,2.91,1.08,0.00,Each,Spark Plug
R501TS,8,12,1.44,1.66,1.91,2.2,2.53,2.91,1.08,0.00,Each,Spark Plug
R502TS,3,10,1.44,1.66,1.91,2.2,2.53,2.91,1.08,0.00,Each,Spark Plug
R503TS,9,17,1.44,1.66,1.91,2.2,2.53,2.91,1.08,0.00,Each,Spark Plug
R504TS,1,11,1.44,1.66,1.91,2.2,2.53,2.91,1.08,0.00,Each,Spark Plug
R505TS,1,2,1.44,1.66,1.91,2.2,2.53,2.91,1.08,0.00,Each,Spark Plug
R506TS,4,5,1.44,1.66,1.91,2.2,2.53,2.91,1.08,0.00,Each,Spark Plug
R507TS,8,15,1.44,1.66,1.91,2.2,2.53,2.91,1.08,0.00,Each,Spark Plug
R508TS,3,6,1.44,1.66,1.91,2.2,2.53,2.91,1.08,0.00,Each,Spark Plug
R509TS,4,14,1.44,1.66,1.91,2.2,2.53,2.91,1.08,0.00,Each,Spark Plug
R510TS,11,14,1.44,1.66,1.91,2.2,2.53,2.91,1.08,0.00,Each,Spark Plug
R511TS,4,8,1.44,1.66,1.91,2.2,2.53,2.91,1.08,0.00,Each,Spark Plug
R512TS,8,14,1.44,1.66,1.91,2.2,2.53,2.91,1.08,0.00,Each,Spark Plug
R513TS,12,12,1.44,1.66,1.91,2.2,2.53,2.91,1.08,0.00,Each,Spark Plug
R514TS,9,16,1.44,1.66,1.91,2.2,2.53,2.91,1.08,0.00,Each,Spark Plug
R515TS,7,17,1.44,1.66,1.91,2.2,2.53,2.91,1.08,0.00,Each,Spark Plug
R516TS,5,10,1.44,1.66,1.91,2.2,2.53,2.91,1.08,0.00,Each,Spark Plug
R517TS,11,20,1.44,1.66,1.91,2.2,2.53,2.91,1.08,0.00,Each,Spark Plug
R518TS,10,15,1.44,1.66,1.91,2.2,2.53,2.91,1.08,0.00,Each,Spark Plug
R519TS,4,5,1.44,1.66,1.91,2.2,2.53,2.91,1.08,0.00,Each,Spark Plug
R520TS,7,13,1.44,1.66,1.91,2.2,2.53,2.91,1.08,0.00,Each,Spark Plug
R521TS,7,9,1.44,1.66,1.91,2.2,2.53,2.91,1.08,0.00,Each,Spark Plug
R522TS,9,20,1.44,1.66,1.91,2.2,2.53,2.91,1.08,0.00,Each,Spark Plug
R523TS,8,12,1.44,1.66,1.91,2.2,2.53,2.91,1.08,0.00,Each,Spark Plug
R524TS,4,8,1.44,1.66,1.91,2.2,2.53,2.91,1.08,0.00,Each,Spark Plug
R525TS,11,17,1.44,1.66,1.91,2.2,2.53,2.91,1.08,0.00,Each,Spark Plug
R526TS,7,9,1.44,1.66,1.91,2.2,2.53,2.91,1.08,0.00,Each,Spark Plug
R527TS,4,12,1.44,1.66,1.91,2.2,2.53,2.91,1.08,0.00,Each,Spark Plug
R528TS,9,16,1.44,1.66,1.91,2.2,2.53,2.91,1.08,0.00,Each,Spark Plug
R529TS,10,12,1.44,1.66,1.91,2.2,2.53,2.91,1.08,0.00,Each,Spark Plug
R530TS,11,14,1.44,1.66,1.91,2.2,2.53,2.91,1.08,0.00,Each,Spark Plug
R531TS,3,12,1.44,1.66,1.91,2.2,2.53,2.91,1.08,0.00,Each,Spark Plug
R532TS,9,17,1.44,1.66,1.91,2.2,2.53,2.91,1.08,0.00,Each,Spark Plug
R533TS,5,10,1.44,1.66,1.91,2.2,2.53,2.91,1.08,0.00,Each,Spark Plug
R534TS,4,9,1.44,1.66,1.91,2.2,2.53,2.91,1.08,0.00,Each,Spark Plug
R535TS,7,8,1.44,1.66,1.91,2.2,2.53,2.91,1.08,0.00,Each,Spark Plug
R536TS,11,18,1.44,1.66,1.91,2.2,2.53,2.91,1.08,0.00,Each,Spark Plug
R537TS,5,8,1.44,1.66,1.91,2.2,2.53,2.91,1.08,0.00,Each,Spark Plug
R538TS,7,13,1.44,1.66,1.91,2.2,2.53,2.91,1.08,0.00,Each,Spark Plug
R539TS,9,9,1.44,1.66,1.91,2.2,2.53,2.91,1.08,0.00,Each,Spark Plug
R540TS,12,14,1.44,1.66,1.91,2.2,2.53,2.91,1.08,0.00,Each,Spark Plug
R541TS,1,11,1.44,1.66,1.91,2.2,2.53,2.91,1.08,0.00,Each,Spark Plug
R542TS,9,14,1.44,1.66,1.91,2.2,2.53,2.91,1.08,0.00,Each,Spark Plug
R543TS,8,14,1.44,1.66,1.91,2.2,2.53,2.91,1.08,0.00,Each,Spark Plug
R544TS,8,19,1.44,1.66,1.91,2.2,2.53,2.91,1.08,0.00,Each,Spark Plug
R545TS,6,9,1.44,1.66,1.91,2.2,2.53,2.91,1.08,0.00,Each,Spark Plug
R546TS,9,10,1.44,1.66,1.91,2.2,2.53,2.91,1.08,0.00,Each,Spark Plug
R547TS,11,17,1.44,1.66,1.91,2.2,2.53,2.91,1.08,0.00,Each,Spark Plug
R548TS,6,13,1.44,1.66,1.91,2.2,2.53,2.91,1.08,0.00,Each,Spark Plug
R549TS,6,10,1.44,1.66,1.91,2.2,2.53,2.91,1.08,0.00,Each,Spark Plug
R550TS,5,8,1.44,1.66,1.91,2.2,2.53,2.91,1.08,0.00,Each,Spark Plug
R551TS,12,16,1.44,1.66,1.91,2.2,2.53,2.91,1.08,0.00,Each,Spark Plug
R552TS,5,8,1.44,1.66,1.91,2.2,2.53,2.91,1.08,0.00,Each,Spark Plug
R553TS,5,12,1.44,1.66,1.91,2.2,2.53,2.91,1.08,0.00,Each,Spark Plug
R554TS,8,14,1.44,1.66,1.91,2.2,2.53,2.91,1.08,0.00,Each,Spark Plug
R555TS,7,11,1.44,1.66,1.91,2.2,2.53,2.91,1.08,0.00,Each,Spark Plug
R556TS,7,18,1.44,1.66,1.91,2.2,2.53,2.91,1.08,0.00,Each,Spark Plug
R557TS,7,17,1.44,1.66,1.91,2.2,2.53,2.91,1.08,0.00,Each,Spark Plug
R558TS,4,5,1.44,1.66,1.91,2.2,2.53,2.91,1.08,0.00,Each,Spark Plug
R559TS,2,4,1.44,1.66,1.91,2.2,2.53,2.91,1.08,0.00,Each,Spark Plug
R560TS,9,16,1.44,1.66,1.91,2.2,2.53,2.91,1.08,0.00,Each,Spark Plug
R561TS,6,15,1.44,1.66,1.91,2.2,2.53,2.91,1.08,0.00,Each,Spark Plug
R562TS,11,18,1.44,1.66,1.91,2.2,2.53,2.91,1.08,0.00,Each,Spark Plug
R563TS,1,2,1.44,1.66,1.91,2.2,2.53,2.91,1.08,0.00,Each,Spark Plug
R564TS,8,11,1.44,1.66,1.91,2.2,2.53,2.91,1.08,0.00,Each,Spark Plug
R565TS,12,15,1.44,1.66,1.91,2.2,2.53,2.91,1.08,0.00,Each,Spark Plug
R566TS,5,6,1.44,1.66,1.91,2.2,2.53,2.91,1.08,0.00,Each,Spark Plug
R567TS,1,8,1.44,1.66,1.91,2.2,2.53,2.91,1.08,0.00,Each,Spark Plug
R568TS,11,20,1.44,1.66,1.91,2.2,2.53,2.91,1.08,0.00,Each,Spark Plug
R569TS,11,14,1.44,1.66,1.91,2.2,2.53,2.91,1.08,0.00,Each,Spark Plug
R570TS,12,17,1.44,1.66,1.91,2.2,2.53,2.91,1.08,0.00,Each,Spark Plug
R571TS,8,18,1.44,1.66,1.91,2.2,2.53,2.91,1.08,0.00,Each,Spark Plug
R572TS,4,15,1.44,1.66,1.91,2.2,2.53,2.91,1.08,0.00,Each,Spark Plug
R573TS,6,14,1.44,1.66,1.91,2.2,2.53,2.91,1.08,0.00,Each,Spark Plug
R574TS,4,9,1.44,1.66,1.91,2.2,2.53,2.91,1.08,0.00,Each,Spark Plug
R575TS,12,18,1.44,1.66,1.91,2.2,2.53,2.91,1.08,0.00,Each,Spark Plug
R576TS,3,11,1.44,1.66,1.91,2.2,2.53,2.91,1.08,0.00,Each,Spark Plug
R577TS,11,16,1.44,1.66,1.91,2.2,2.53,2.91,1.08,0.00,Each,Spark Plug
R578TS,4,12,1.44,1.66,1.91,2.2,2.53,2.91,1.08,0.00,Each,Spark Plug
R579TS,8,11,1.44,1.66,1.91,2.2,2.53,2.91,1.08,0.00,Each,Spark Plug
R580TS,8,15,1.44,1.66,1.91,2.2,2.53,2.91,1.08,0.00,Each,Spark Plug
R581TS,3,10,1.44,1.66,1.91,2.2,2.53,2.91,1.08,0.00,Each,Spark Plug
R582TS,11,19,1.44,1.66,1.91,2.2,2.53,2.91,1.08,0.00,Each,Spark Plug
R583TS,5,9,1.44,1.66,1.91,2.2,2.53,2.91,1.08,0.00,Each,Spark Plug
R584TS,7,12,1.44,1.66,1.91,2.2,2.53,2.91,1.08,0.00,Each,Spark Plug
R585TS,4,8,1.44,1.66,1.91,2.2,2.53,2.91,1.08,0.00,Each,Spark Plug
R586TS,3,12,1.44,1.66,1.91,2.2,2.53,2.91,1.08,0.00,Each,Spark Plug
R587TS,2,5,1.44,1.66,1.91,2.2,2.53,2.91,1.08,0.00,Each,Spark Plug
R588TS,7,16,1.44,1.66,1.91,2.2,2.53,2.91,1.08,0.00,Each,Spark Plug
R589TS,12,20,1.44,1.66,1.91,2.2,2.53,2.91,1.08,0.00,Each,Spark Plug
R590TS,12,17,1.44,1.66,1.91,2.2,2.53,2.91,1.08,0.00,Each,Spark Plug
R591TS,10,11,1.44,1.66,1.91,2.2,2.53,2.91,1.08,0.00,Each,Spark Plug
R592TS,7,13,1.44,1.66,1.91,2.2,2.53,2.91,1.08,0.00,Each,Spark Plug
R593TS,9,15,1.44,1.66,1.91,2.2,2.53,2.91,1.08,0.00,Each,Spark Plug
R594TS,6,10,1.44,1.66,1.91,2.2,2.53,2.91,1.08,0.00,Each,Spark Plug
R595TS,2,5,1.44,1.66,1.91,2.2,2.53,2.91,1.08,0.00,Each,Spark Plug
R596TS,10,17,1.44,1.66,1.91,2.2,2.53,2.91,1.08,0.00,Each,Spark Plug
R597TS,10,18,1.44,1.66,1.91,2.2,2.53,2.91,1.08,0.00,Each,Spark Plug
R598TS,5,7,1.44,1.66,1.91,2.2,2.53,2.91,1.08,0.00,Each,Spark Plug
R599TS,9,19,1.44,1.66,1.91,2.2,2.53,2.91,1.08,0.00,Each,Spark Plug
R600TS,6,17,1.44,1.66,1.91,2.2,2.53,2.91,1.08,0.00,Each,Spark Plug
R601TS,6,12,1.44,1.66,1.91,2.2,2.53,2.91,1.08,0.00,Each,Spark Plug
R602TS,3,5,1.44,1.66,1.91,2.2,2.53,2.91,1.08,0.00,Each,Spark Plug
R603TS,5,11,1.44,1.66,1.91,2.2,2.53,2.91,1.08,0.00,Each,Spark Plug
R604TS,4,15,1.44,1.66,1.91,2.2,2.53,2.91,1.08,0.00,Each,Spark Plug
R605TS,11,19,1.44,1.66,1.91,2.2,2.53,2.91,1.08,0.00,Each,Spark Plug
R606TS,9,18,1.44,1.66,1.91,2.2,2.53,2.91,1.08,0.00,Each,Spark Plug
R607TS,5,12,1.44,1.66,1.91,2.2,2.53,2.91,1.08,0.00,Each,Spark Plug
R608TS,1,10,1.44,1.66,1.91,2.2,2.53,2.91,1.08,0.00,Each,Spark Plug
R609TS,5,7,1.44,1.66,1.91,2.2,2.53,2.91,1.08,0.00,Each,Spark Plug
R610TS,2,6,1.44,1.66,1.91,2.2,2.53,2.91,1.08,0.00,Each,Spark Plug
R611TS,7,7,1.44,1.66,1.91,2.2,2.53,2.91,1.08,0.00,Each,Spark Plug
R612TS,11,17,1.44,1.66,1.91,2.2,2.53,2.91,1.08,0.00,Each,Spark Plug
R613TS,10,11,1.44,1.66,1.91,2.2,2.53,2.91,1.08,0.00,Each,Spark Plug
R614TS,5,10,1.44,1.66,1.91,2.2,2.53,2.91,1.08,0.00,Each,Spark Plug
R615TS,8,19,1.44,1.66,1.91,2.2,2.53,2.91,1.08,0.00,Each,Spark Plug
R616TS,10,11,1.44,1.66,1.91,2.2,2.53,2.91,1.08,0.00,Each,Spark Plug
R617TS,9,16,1.44,1.66,1.91,2.2,2.53,2.91,1.08,0.00,Each,Spark Plug
R618TS,4,15,1.44,1.66,1.91,2.2,2.53,2.91,1.08,0.00,Each,Spark Plug
R619TS,11,14,1.44,1.66,1.91,2.2,2.53,2.91,1.08,0.00,Each,Spark Plug
R620TS,5,11,1.44,1.66,1.91,2.2,2.53,2.91,1.08,0.00,Each,Spark Plug
R621TS,1,10,1.44,1.66,1.91,2.2,2.53,2.91,1.08,0.00,Each,Spark Plug
R622TS,7,14,1.44,1.66,1.91,2.2,2.53,2.91,1.08,0.00,Each,Spark Plug
R623TS,8,17,1.44,1.66,1.91,2.2,2.53,2.91,1.08,0.00,Each,Spark Plug
R624TS,10,15,1.44,1.66,1.91,2.2,2.53,2.91,1.08,0.00,Each,Spark Plug
R625TS,4,6,1.44,1.66,1.91,2.2,2.53,2.91,1.08,0.00,Each,Spark Plug
R626TS,11,22,1.44,1.66,1.91,2.2,2.53,2.91,1.08,0.00,Each,Spark Plug
R627TS,9,10,1.44,1.66,1.91,2.2,2.53,2.91,1.08,0.00,Each,Spark Plug
R628TS,4,12,1.44,1.66,1.91,2.2,2.53,2.91,1.08,0.00,Each,Spark Plug
R629TS,6,6,1.44,1.66,1.91,2.2,2.53,2.91,1.08,0.00,Each,Spark Plug
R630TS,2,8,1.44,1.66,1.91,2.2,2.53,2.91,1.08,0.00,Each,Spark Plug
R631TS,9,17,1.44,1.66,1.91,2.2,2.53,2.91,1.08,0.00,Each,Spark Plug
R632TS,6,15,1.44,1.66,1.91,2.2,2.53,2.91,1.08,0.00,Each,Spark Plug
R633TS,4,14,1.44,1.66,1.91,2.2,2.53,2.91,1.08,0.00,Each,Spark Plug
R634TS,5,9,1.44,1.66,1.91,2.2,2.53,2.91,1.08,0.00,Each,Spark Plug
R635TS,12,12,1.44,1.66,1.91,2.2,2.53,2.91,1.08,0.00,Each,Spark Plug
R636TS,8,10,1.44,1.66,1.91,2.2,2.53,2.91,1.08,0.00,Each,Spark Plug
R637TS,9,13,1.44,1.66,1.91,2.2,2.53,2.91,1.08,0.00,Each,Spark Plug
R638TS,3,5,1.44,1.66,1.91,2.2,2.53,2.91,1.08,0.00,Each,Spark Plug
R639TS,2,6,1.44,1.66,1.91,2.2,2.53,2.91,1.08,0.00,Each,Spark Plug
R640TS,3,8,1.44,1.66,1.91,2.2,2.53,2.91,1.08,0.00,Each,Spark Plug
R641TS,11,16,1.44,1.66,1.91,2.2,2.53,2.91,1.08,0.00,Each,Spark Plug
R642TS,3,11,1.44,1.66,1.91,2.2,2.53,2.91,1.08,0.00,Each,Spark Plug
R643TS,10,19,1.44,1.66,1.91,2.2,2.53,2.91,1.08,0.00,Each,Spark Plug
R644TS,4,8,1.44,1.66,1.91,2.2,2.53,2.91,1.08,0.00,Each,Spark Plug
R645TS,4,8,1.44,1.66,1.91,2.2,2.53,2.91,1.08,0.00,Each,Spark Plug
R646TS,4,14,1.44,1.66,1.91,2.2,2.53,2.91,1.08,0.00,Each,Spark Plug
R647TS,3,8,1.44,1.66,1.91,2.2,2.53,2.91,1.08,0.00,Each,Spark Plug
R648TS,7,10,1.44,1.66,1.91,2.2,2.53,2.91,1.08,0.00,Each,Spark Plug
R649TS,1,5,1.44,1.66,1.91,2.2,2.53,2.91,1.08,0.00,Each,Spark Plug
R650TS,6,12,1.44,1.66,1.91,2.2,2.53,2.91,1.08,0.00,Each,Spark Plug
R651TS,11,13,1.44,1.66,1.91,2.2,2.53,2.91,1.08,0.00,Each,Spark Plug
R652TS,11,11,1.44,1.66,1.91,2.2,2.53,2.91,1.08,0.00,Each,Spark Plug
R653TS,11,22,1.44,1.66,1.91,2.2,2.53,2.91,1.08,0.00,Each,Spark Plug
R654TS,5,8,1.44,1.66,1.91,2.2,2.53,2.91,1.08,0.00,Each,Spark Plug
R655TS,6,15,1.44,1.66,1.91,2.2,2.53,2.91,1.08,0.00,Each,Spark Plug
R656TS,8,11,1.44,1.66,1.91,2.2,2.53,2.91,1.08,0.00,Each,Spark Plug
R657TS,6,11,1.44,1.66,1.91,2.2,2.53,2.91,1.08,0.00,Each,Spark Plug
R658TS,12,18,1.44,1.66,1.91,2.2,2.53,2.91,1.08,0.00,Each,Spark Plug
R659TS,1,4,1.44,1.66,1.91,2.2,2.53,2.91,1.08,0.00,Each,Spark Plug
R660TS,6,6,1.44,1.66,1.91,2.2,2.53,2.91,1.08,0.00,Each,Spark Plug
R661TS,8,12,1.44,1.66,1.91,2.2,2.53,2.91,1.08,0.00,Each,Spark Plug
R662TS,8,15,1.44,1.66,1.91,2.2,2.53,2.91,1.08,0.00,Each,Spark Plug
R663TS,11,17,1.44,1.66,1.91,2.2,2.53,2.91,1.08,0.00,Each,Spark Plug
R664TS,5,15,1.44,1.66,1.91,2.2,2.53,2.91,1.08,0.00,Each,Spark Plug
R665TS,2,9,1.44,1.66,1.91,2.2,2.53,2.91,1.08,0.00,Each,Spark Plug
R666TS,1,12,1.44,1.66,1.91,2.2,2.53,2.91,1.08,0.00,Each,Spark Plug
R667TS,5,6,1.44,1.66,1.91,2.2,2.53,2.91,1.08,0.00,Each,Spark Plug
R668TS,1,3,1.44,1.66,1.91,2.2,2.53,2.91,1.08,0.00,Each,Spark Plug
R669TS,11,18,1.44,1.66,1.91,2.2,2.53,2.91,1.08,0.00,Each,Spark Plug
